{"shape": "lroom", "point1": [2.8, 2.0], "point2": [-2.8, 2.0], "point3": [-2.8, -4.4], "point4": [-2.8, -4.4]}{"shape": "troom", "point1": [2.35, 2.0], "point2": [-2.35, 2.0], "point3": [-2.35, -0.3500000000000001], "point4": [-0.7833333333333334, -0.3500000000000001], "point5": [-0.7833333333333334, -2.7], "point6": [0.7833333333333334, -2.7], "point7": [0.7833333333333334, -0.3500000000000001], "point8": [2.35, -0.3500000000000001]}